{
 "arm_leg_.png": {
  "files": [
   [
    1,
    [
     [
      176.20373732456994,
      177.11076305799543
     ],
     [
      9.936236418993877,
      13.50451136031985
     ],
     [
      177.8235356530215,
      177.92432727487738
     ]
    ]
   ],
   [
    2,
    [
     [
      170.8856355307854,
      185.5529710330368
     ],
     [
      92.83044715607141,
      92.79092055099628
     ],
     [
      175.10477374514338,
      180.82315858332905
     ]
    ]
   ],
   [
    3,
    [
     [
      176.20373732456994,
      177.11076305799543
     ],
     [
      9.936236418993877,
      13.50451136031985
     ],
     [
      177.8235356530215,
      177.92432727487738
     ]
    ]
   ]
  ],
  "count": 3
 },
 "push_up.jpg": {
  "files": [
   [
    1,
    [
     [
      166.937027502608,
      167.4436197330573
     ],
     [
      69.75495178196024,
      287.358570356997
     ],
     [
      188.54835820323143,
      188.27924123823243
     ]
    ]
   ],
   [
    2,
    [
     [
      55.47833502517447,
      59.70355182376156
     ],
     [
      344.77914910356986,
      11.4965630175858
     ],
     [
      187.69492271889322,
      187.45116069359764
     ]
    ]
   ],
   [
    3,
    [
     [
      166.937027502608,
      167.4436197330573
     ],
     [
      69.75495178196024,
      287.358570356997
     ],
     [
      188.54835820323143,
      188.27924123823243
     ]
    ]
   ]
  ],
  "count": 3
 },
 "sit_up_.jpg": {
  "files": [
   [
    1,
    [
     [
      42.97829555927652,
      266.12266671474754
     ],
     [
      147.3339864989657,
      152.17590361574673
     ],
     [
      62.74269707402858,
      61.04384216059509
     ]
    ]
   ],
   [
    2,
    [
     [
      48.2162199400034,
      47.90191046888365
     ],
     [
      359.5581389950517,
      7.32025816475247
     ],
     [
      284.33034128687405,
      283.51382207436495
     ]
    ]
   ],
   [
    3,
    [
     [
      42.97829555927652,
      266.12266671474754
     ],
     [
      147.3339864989657,
      152.17590361574673
     ],
     [
      62.74269707402858,
      61.04384216059509
     ]
    ]
   ]
  ],
  "count": 3
 }
}